DocumentID,Status,TargetLibrary,StorageURL
RAE-00001,COMPLETE,Administration,/sites/msteams_54adc4/Administration/RAE-00001.doc
RAE-00002,COMPLETE,Administration,/sites/msteams_54adc4/Administration/RAE-00002.doc
RAE-00003,COMPLETE,Administration,/sites/msteams_54adc4/Administration/RAE-00003.doc
RAE-00004,COMPLETE,Administration,/sites/msteams_54adc4/Administration/RAE-00004.docx
RAE-00005,COMPLETE,Administration,/sites/msteams_54adc4/Administration/RAE-00005.docx
RAE-00009,COMPLETE,Administration,/sites/msteams_54adc4/Administration/RAE-00009.pdf
RAE-00011,COMPLETE,Administration,/sites/msteams_54adc4/Administration/RAE-00011.pdf
RAE-00012,COMPLETE,Administration,/sites/msteams_54adc4/Administration/RAE-00012.pdf
RAE-00014,COMPLETE,Administration,/sites/msteams_54adc4/Administration/RAE-00014.doc
RAE-00043,COMPLETE,FinanceProcurement,/sites/msteams_54adc4/FinanceProcurement/RAE-00043.pdf
RAE-00044,COMPLETE,FinanceProcurement,/sites/msteams_54adc4/FinanceProcurement/RAE-00044.pdf
RAE-00045,COMPLETE,FinanceProcurement,/sites/msteams_54adc4/FinanceProcurement/RAE-00045.docx
RAE-00046,COMPLETE,FinanceProcurement,/sites/msteams_54adc4/FinanceProcurement/RAE-00046.docx
RAE-00047,COMPLETE,FinanceProcurement,/sites/msteams_54adc4/FinanceProcurement/RAE-00047.docx
RAE-00048,COMPLETE,FinanceProcurement,/sites/msteams_54adc4/FinanceProcurement/RAE-00048.docx
RAE-00049,COMPLETE,FinanceProcurement,/sites/msteams_54adc4/FinanceProcurement/RAE-00049.docx
RAE-00050,COMPLETE,FinanceProcurement,/sites/msteams_54adc4/FinanceProcurement/RAE-00050.docx
RAE-00051,COMPLETE,FinanceProcurement,/sites/msteams_54adc4/FinanceProcurement/RAE-00051.pdf
RAE-00052,COMPLETE,FinanceProcurement,/sites/msteams_54adc4/FinanceProcurement/RAE-00052.pdf
RAE-00053,COMPLETE,FinanceProcurement,/sites/msteams_54adc4/FinanceProcurement/RAE-00053.xlsx
RAE-00054,COMPLETE,FinanceProcurement,/sites/msteams_54adc4/FinanceProcurement/RAE-00054.pdf
RAE-00057,COMPLETE,FinanceProcurement,/sites/msteams_54adc4/FinanceProcurement/RAE-00057.pdf
RAE-00058,COMPLETE,FinanceProcurement,/sites/msteams_54adc4/FinanceProcurement/RAE-00058.doc
RAE-00059,COMPLETE,FinanceProcurement,/sites/msteams_54adc4/FinanceProcurement/RAE-00059.xlsx
RAE-00060,COMPLETE,FinanceProcurement,/sites/msteams_54adc4/FinanceProcurement/RAE-00060.xlsx
RAE-00061,COMPLETE,FinanceProcurement,/sites/msteams_54adc4/FinanceProcurement/RAE-00061.pdf
RAE-00063,COMPLETE,FinanceProcurement,/sites/msteams_54adc4/FinanceProcurement/RAE-00063.pdf
RAE-00064,COMPLETE,FinanceProcurement,/sites/msteams_54adc4/FinanceProcurement/RAE-00064.docx
RAE-00068,COMPLETE,FinanceProcurement,/sites/msteams_54adc4/FinanceProcurement/RAE-00068.pdf
RAE-00078,COMPLETE,PlanningPolicy,/sites/msteams_54adc4/PlanningPolicy/RAE-00078.pdf
RAE-00079,COMPLETE,PlanningPolicy,/sites/msteams_54adc4/PlanningPolicy/RAE-00079.pdf
RAE-00080,COMPLETE,PlanningPolicy,/sites/msteams_54adc4/PlanningPolicy/RAE-00080.pdf
RAE-00081,COMPLETE,PlanningPolicy,/sites/msteams_54adc4/PlanningPolicy/RAE-00081.pdf
RAE-00090,COMPLETE,PlanningPolicy,/sites/msteams_54adc4/PlanningPolicy/RAE-00090.pdf
RAE-00091,COMPLETE,PlanningPolicy,/sites/msteams_54adc4/PlanningPolicy/RAE-00091.pdf
RAE-00093,COMPLETE,PlanningPolicy,/sites/msteams_54adc4/PlanningPolicy/RAE-00093.pdf
RAE-00117,COMPLETE,PlanningPolicy,/sites/msteams_54adc4/PlanningPolicy/RAE-00117.pdf
RAE-00118,COMPLETE,PlanningPolicy,/sites/msteams_54adc4/PlanningPolicy/RAE-00118.pdf
RAE-00119,COMPLETE,PlanningPolicy,/sites/msteams_54adc4/PlanningPolicy/RAE-00119.pdf
RAE-00135,COMPLETE,AcademicServices,/sites/msteams_54adc4/AcademicServices/RAE-00135.pdf
RAE-00136,COMPLETE,AcademicServices,/sites/msteams_54adc4/AcademicServices/RAE-00136.pdf
RAE-00137,COMPLETE,AcademicServices,/sites/msteams_54adc4/AcademicServices/RAE-00137.pdf
RAE-00138,COMPLETE,AcademicServices,/sites/msteams_54adc4/AcademicServices/RAE-00138.pdf
RAE-00139,COMPLETE,AcademicServices,/sites/msteams_54adc4/AcademicServices/RAE-00139.pdf
RAE-00140,COMPLETE,AcademicServices,/sites/msteams_54adc4/AcademicServices/RAE-00140.pdf
RAE-00141,COMPLETE,AcademicServices,/sites/msteams_54adc4/AcademicServices/RAE-00141.pdf
RAE-00142,COMPLETE,AcademicServices,/sites/msteams_54adc4/AcademicServices/RAE-00142.pdf
RAE-00143,COMPLETE,AcademicServices,/sites/msteams_54adc4/AcademicServices/RAE-00143.doc
RAE-00144,COMPLETE,AcademicServices,/sites/msteams_54adc4/AcademicServices/RAE-00144.doc
RAE-00145,COMPLETE,AcademicServices,/sites/msteams_54adc4/AcademicServices/RAE-00145.doc
RAE-00146,COMPLETE,AcademicServices,/sites/msteams_54adc4/AcademicServices/RAE-00146.xlsx
RAE-00147,COMPLETE,AcademicServices,/sites/msteams_54adc4/AcademicServices/RAE-00147.doc
RAE-00148,COMPLETE,AcademicServices,/sites/msteams_54adc4/AcademicServices/RAE-00148.doc
RAE-00149,COMPLETE,AcademicServices,/sites/msteams_54adc4/AcademicServices/RAE-00149.xlsx
RAE-00150,COMPLETE,AcademicServices,/sites/msteams_54adc4/AcademicServices/RAE-00150.docx
RAE-00151,COMPLETE,AcademicServices,/sites/msteams_54adc4/AcademicServices/RAE-00151.docx
RAE-00152,COMPLETE,AcademicServices,/sites/msteams_54adc4/AcademicServices/RAE-00152.docx
RAE-00153,COMPLETE,AcademicServices,/sites/msteams_54adc4/AcademicServices/RAE-00153.docx
RAE-00154,COMPLETE,AcademicServices,/sites/msteams_54adc4/AcademicServices/RAE-00154.docx
RAE-00155,COMPLETE,AcademicServices,/sites/msteams_54adc4/AcademicServices/RAE-00155.docx
RAE-00156,COMPLETE,AcademicServices,/sites/msteams_54adc4/AcademicServices/RAE-00156.docx
RAE-00157,COMPLETE,AcademicServices,/sites/msteams_54adc4/AcademicServices/RAE-00157.docx
RAE-00162,COMPLETE,AcademicServices,/sites/msteams_54adc4/AcademicServices/RAE-00162.docx
RAE-00163,COMPLETE,AcademicServices,/sites/msteams_54adc4/AcademicServices/RAE-00163.docx
RAE-00164,COMPLETE,AcademicServices,/sites/msteams_54adc4/AcademicServices/RAE-00164.docx
RAE-00165,COMPLETE,AcademicServices,/sites/msteams_54adc4/AcademicServices/RAE-00165.docx
RAE-00166,COMPLETE,AcademicServices,/sites/msteams_54adc4/AcademicServices/RAE-00166.docx
RAE-00167,COMPLETE,AcademicServices,/sites/msteams_54adc4/AcademicServices/RAE-00167.docx
RAE-00168,COMPLETE,AcademicServices,/sites/msteams_54adc4/AcademicServices/RAE-00168.docx
RAE-00169,COMPLETE,AcademicServices,/sites/msteams_54adc4/AcademicServices/RAE-00169.docx
RAE-00170,COMPLETE,AcademicServices,/sites/msteams_54adc4/AcademicServices/RAE-00170.docx
RAE-00171,COMPLETE,AcademicServices,/sites/msteams_54adc4/AcademicServices/RAE-00171.docx
RAE-00172,COMPLETE,AcademicServices,/sites/msteams_54adc4/AcademicServices/RAE-00172.docx
RAE-00173,COMPLETE,AcademicServices,/sites/msteams_54adc4/AcademicServices/RAE-00173.pdf
RAE-00174,COMPLETE,AcademicServices,/sites/msteams_54adc4/AcademicServices/RAE-00174.pdf
RAE-00175,COMPLETE,AcademicServices,/sites/msteams_54adc4/AcademicServices/RAE-00175.pdf
RAE-00176,COMPLETE,AcademicServices,/sites/msteams_54adc4/AcademicServices/RAE-00176.pdf
RAE-00177,COMPLETE,AcademicServices,/sites/msteams_54adc4/AcademicServices/RAE-00177.pptx
RAE-00178,COMPLETE,AcademicServices,/sites/msteams_54adc4/AcademicServices/RAE-00178.pdf
RAE-00179,COMPLETE,AcademicServices,/sites/msteams_54adc4/AcademicServices/RAE-00179.pdf
RAE-00180,COMPLETE,AcademicServices,/sites/msteams_54adc4/AcademicServices/RAE-00180.pdf
RAE-00181,COMPLETE,AcademicServices,/sites/msteams_54adc4/AcademicServices/RAE-00181.pdf
RAE-00182,COMPLETE,Research,/sites/msteams_54adc4/Research/RAE-00182.pdf
RAE-00183,COMPLETE,Research,/sites/msteams_54adc4/Research/RAE-00183.pdf
RAE-00184,COMPLETE,Research,/sites/msteams_54adc4/Research/RAE-00184.pdf
RAE-00185,COMPLETE,Research,/sites/msteams_54adc4/Research/RAE-00185.pdf
RAE-00186,COMPLETE,Research,/sites/msteams_54adc4/Research/RAE-00186.pdf
RAE-00187,COMPLETE,Research,/sites/msteams_54adc4/Research/RAE-00187.pdf
RAE-00188,COMPLETE,Research,/sites/msteams_54adc4/Research/RAE-00188.pdf
RAE-00189,COMPLETE,Research,/sites/msteams_54adc4/Research/RAE-00189.docx
RAE-00190,COMPLETE,Research,/sites/msteams_54adc4/Research/RAE-00190.pdf
RAE-00191,COMPLETE,Research,/sites/msteams_54adc4/Research/RAE-00191.docx
RAE-00192,COMPLETE,Research,/sites/msteams_54adc4/Research/RAE-00192.pdf
RAE-00193,COMPLETE,Research,/sites/msteams_54adc4/Research/RAE-00193.doc
RAE-00194,COMPLETE,Research,/sites/msteams_54adc4/Research/RAE-00194.pdf
RAE-00195,COMPLETE,Research,/sites/msteams_54adc4/Research/RAE-00195.xlsx
RAE-00196,COMPLETE,Research,/sites/msteams_54adc4/Research/RAE-00196.pdf
RAE-00197,COMPLETE,Research,/sites/msteams_54adc4/Research/RAE-00197.docx
RAE-00198,COMPLETE,Research,/sites/msteams_54adc4/Research/RAE-00198.pdf
RAE-00199,COMPLETE,Research,/sites/msteams_54adc4/Research/RAE-00199.docx
RAE-00200,COMPLETE,Research,/sites/msteams_54adc4/Research/RAE-00200.pdf
RAE-00201,COMPLETE,Research,/sites/msteams_54adc4/Research/RAE-00201.doc
RAE-00202,COMPLETE,Research,/sites/msteams_54adc4/Research/RAE-00202.pdf
RAE-00203,COMPLETE,Research,/sites/msteams_54adc4/Research/RAE-00203.doc
RAE-00204,COMPLETE,Research,/sites/msteams_54adc4/Research/RAE-00204.pdf
RAE-00205,COMPLETE,Research,/sites/msteams_54adc4/Research/RAE-00205.doc
RAE-00206,COMPLETE,Research,/sites/msteams_54adc4/Research/RAE-00206.pdf
RAE-00207,COMPLETE,Research,/sites/msteams_54adc4/Research/RAE-00207.pdf
RAE-00208,COMPLETE,Research,/sites/msteams_54adc4/Research/RAE-00208.pdf
RAE-00209,COMPLETE,Research,/sites/msteams_54adc4/Research/RAE-00209.pdf
RAE-00210,COMPLETE,Research,/sites/msteams_54adc4/Research/RAE-00210.pdf
RAE-00211,COMPLETE,Research,/sites/msteams_54adc4/Research/RAE-00211.pdf
RAE-00212,COMPLETE,Research,/sites/msteams_54adc4/Research/RAE-00212.pdf
RAE-00213,COMPLETE,Research,/sites/msteams_54adc4/Research/RAE-00213.pdf
RAE-00214,COMPLETE,Research,/sites/msteams_54adc4/Research/RAE-00214.pdf
RAE-00215,COMPLETE,Research,/sites/msteams_54adc4/Research/RAE-00215.pdf
RAE-00216,COMPLETE,Research,/sites/msteams_54adc4/Research/RAE-00216.pdf
RAE-00217,COMPLETE,Research,/sites/msteams_54adc4/Research/RAE-00217.pdf
RAE-00218,COMPLETE,Research,/sites/msteams_54adc4/Research/RAE-00218.pdf
RAE-00219,COMPLETE,Research,/sites/msteams_54adc4/Research/RAE-00219.pdf
RAE-00220,COMPLETE,Research,/sites/msteams_54adc4/Research/RAE-00220.pdf
RAE-00221,COMPLETE,Research,/sites/msteams_54adc4/Research/RAE-00221.pdf
RAE-00222,COMPLETE,Research,/sites/msteams_54adc4/Research/RAE-00222.pdf
RAE-00223,COMPLETE,Research,/sites/msteams_54adc4/Research/RAE-00223.pdf
RAE-00224,COMPLETE,Research,/sites/msteams_54adc4/Research/RAE-00224.pdf
RAE-00225,COMPLETE,Research,/sites/msteams_54adc4/Research/RAE-00225.pdf
RAE-00226,COMPLETE,Research,/sites/msteams_54adc4/Research/RAE-00226.pdf
RAE-00227,COMPLETE,Research,/sites/msteams_54adc4/Research/RAE-00227.pdf
RAE-00228,COMPLETE,Research,/sites/msteams_54adc4/Research/RAE-00228.pdf
RAE-00229,COMPLETE,Research,/sites/msteams_54adc4/Research/RAE-00229.pdf
RAE-00230,COMPLETE,Research,/sites/msteams_54adc4/Research/RAE-00230.pdf
RAE-00231,COMPLETE,Research,/sites/msteams_54adc4/Research/RAE-00231.pdf
RAE-00232,COMPLETE,Research,/sites/msteams_54adc4/Research/RAE-00232.pdf
RAE-00233,COMPLETE,Research,/sites/msteams_54adc4/Research/RAE-00233.pdf
RAE-00234,COMPLETE,Research,/sites/msteams_54adc4/Research/RAE-00234.pdf
RAE-00235,COMPLETE,Research,/sites/msteams_54adc4/Research/RAE-00235.pdf
RAE-00236,COMPLETE,Research,/sites/msteams_54adc4/Research/RAE-00236.pdf
RAE-00237,COMPLETE,Research,/sites/msteams_54adc4/Research/RAE-00237.pdf
RAE-00238,COMPLETE,Research,/sites/msteams_54adc4/Research/RAE-00238.pdf
RAE-00240,COMPLETE,Research,/sites/msteams_54adc4/Research/RAE-00240.pdf
RAE-00241,COMPLETE,Research,/sites/msteams_54adc4/Research/RAE-00241.pdf
RAE-00242,COMPLETE,Research,/sites/msteams_54adc4/Research/RAE-00242.pdf
RAE-00243,COMPLETE,Research,/sites/msteams_54adc4/Research/RAE-00243.pdf
RAE-00244,COMPLETE,Research,/sites/msteams_54adc4/Research/RAE-00244.pdf
RAE-00245,COMPLETE,Research,/sites/msteams_54adc4/Research/RAE-00245.pdf
RAE-00246,COMPLETE,Research,/sites/msteams_54adc4/Research/RAE-00246.pdf
RAE-00247,COMPLETE,Research,/sites/msteams_54adc4/Research/RAE-00247.pdf
RAE-00248,COMPLETE,Research,/sites/msteams_54adc4/Research/RAE-00248.pdf
RAE-00249,COMPLETE,Research,/sites/msteams_54adc4/Research/RAE-00249.pdf
RAE-00250,COMPLETE,Research,/sites/msteams_54adc4/Research/RAE-00250.pdf
RAE-00251,COMPLETE,Research,/sites/msteams_54adc4/Research/RAE-00251.pdf
RAE-00252,COMPLETE,Research,/sites/msteams_54adc4/Research/RAE-00252.pdf
RAE-00253,COMPLETE,Research,/sites/msteams_54adc4/Research/RAE-00253.pdf
RAE-00254,COMPLETE,Research,/sites/msteams_54adc4/Research/RAE-00254.pdf
RAE-00255,COMPLETE,Research,/sites/msteams_54adc4/Research/RAE-00255.pdf
RAE-00256,COMPLETE,Research,/sites/msteams_54adc4/Research/RAE-00256.pdf
RAE-00257,COMPLETE,Research,/sites/msteams_54adc4/Research/RAE-00257.pdf
RAE-00258,COMPLETE,Research,/sites/msteams_54adc4/Research/RAE-00258.pdf
RAE-00259,COMPLETE,Research,/sites/msteams_54adc4/Research/RAE-00259.pdf
RAE-00260,COMPLETE,Research,/sites/msteams_54adc4/Research/RAE-00260.pdf
RAE-00261,COMPLETE,Research,/sites/msteams_54adc4/Research/RAE-00261.pdf
RAE-00263,COMPLETE,Research,/sites/msteams_54adc4/Research/RAE-00263.pdf
RAE-00264,COMPLETE,Research,/sites/msteams_54adc4/Research/RAE-00264.pdf
RAE-00265,COMPLETE,Research,/sites/msteams_54adc4/Research/RAE-00265.docx
RAE-00266,COMPLETE,Research,/sites/msteams_54adc4/Research/RAE-00266.pdf
RAE-00267,COMPLETE,Research,/sites/msteams_54adc4/Research/RAE-00267.docx
RAE-00268,COMPLETE,Research,/sites/msteams_54adc4/Research/RAE-00268.pdf
RAE-00269,COMPLETE,Research,/sites/msteams_54adc4/Research/RAE-00269.docx
RAE-00272,COMPLETE,Research,/sites/msteams_54adc4/Research/RAE-00272.pdf
RAE-00273,COMPLETE,Research,/sites/msteams_54adc4/Research/RAE-00273.docx
RAE-00274,COMPLETE,Research,/sites/msteams_54adc4/Research/RAE-00274.pdf
RAE-00275,COMPLETE,Research,/sites/msteams_54adc4/Research/RAE-00275.docx
RAE-00276,COMPLETE,Research,/sites/msteams_54adc4/Research/RAE-00276.pdf
RAE-00277,COMPLETE,Research,/sites/msteams_54adc4/Research/RAE-00277.docx
RAE-00278,COMPLETE,Research,/sites/msteams_54adc4/Research/RAE-00278.pdf
RAE-00279,COMPLETE,Research,/sites/msteams_54adc4/Research/RAE-00279.docx
RAE-00280,COMPLETE,Research,/sites/msteams_54adc4/Research/RAE-00280.pdf
RAE-00281,COMPLETE,Research,/sites/msteams_54adc4/Research/RAE-00281.docx
RAE-00282,COMPLETE,Research,/sites/msteams_54adc4/Research/RAE-00282.pdf
RAE-00283,COMPLETE,Research,/sites/msteams_54adc4/Research/RAE-00283.docx
RAE-00284,COMPLETE,Research,/sites/msteams_54adc4/Research/RAE-00284.pdf
RAE-00285,COMPLETE,Research,/sites/msteams_54adc4/Research/RAE-00285.xlsx
RAE-00291,COMPLETE,Research,/sites/msteams_54adc4/Research/RAE-00291.pdf
RAE-00292,COMPLETE,Research,/sites/msteams_54adc4/Research/RAE-00292.pdf
RAE-00293,COMPLETE,Research,/sites/msteams_54adc4/Research/RAE-00293.docx
RAE-00294,COMPLETE,Research,/sites/msteams_54adc4/Research/RAE-00294.pdf
RAE-00295,COMPLETE,Research,/sites/msteams_54adc4/Research/RAE-00295.docx
RAE-00296,COMPLETE,Research,/sites/msteams_54adc4/Research/RAE-00296.pdf
RAE-00297,COMPLETE,Research,/sites/msteams_54adc4/Research/RAE-00297.docx
RAE-00298,COMPLETE,Research,/sites/msteams_54adc4/Research/RAE-00298.pdf
RAE-00299,COMPLETE,Research,/sites/msteams_54adc4/Research/RAE-00299.docx
RAE-00300,COMPLETE,Research,/sites/msteams_54adc4/Research/RAE-00300.pdf
RAE-00301,COMPLETE,Research,/sites/msteams_54adc4/Research/RAE-00301.docx
RAE-00302,COMPLETE,Research,/sites/msteams_54adc4/Research/RAE-00302.pdf
RAE-00303,COMPLETE,Research,/sites/msteams_54adc4/Research/RAE-00303.pdf
RAE-00304,COMPLETE,Research,/sites/msteams_54adc4/Research/RAE-00304.pdf
RAE-00305,COMPLETE,Research,/sites/msteams_54adc4/Research/RAE-00305.doc
RAE-00306,COMPLETE,Research,/sites/msteams_54adc4/Research/RAE-00306.pdf
RAE-00307,COMPLETE,Research,/sites/msteams_54adc4/Research/RAE-00307.doc
RAE-00308,COMPLETE,Research,/sites/msteams_54adc4/Research/RAE-00308.pdf
RAE-00309,COMPLETE,Research,/sites/msteams_54adc4/Research/RAE-00309.doc
RAE-00310,COMPLETE,Research,/sites/msteams_54adc4/Research/RAE-00310.pdf
RAE-00311,COMPLETE,Research,/sites/msteams_54adc4/Research/RAE-00311.doc
RAE-00312,COMPLETE,Research,/sites/msteams_54adc4/Research/RAE-00312.pdf
RAE-00313,COMPLETE,Research,/sites/msteams_54adc4/Research/RAE-00313.doc
RAE-00314,COMPLETE,Research,/sites/msteams_54adc4/Research/RAE-00314.pdf
RAE-00315,COMPLETE,Research,/sites/msteams_54adc4/Research/RAE-00315.docx
RAE-00316,COMPLETE,Research,/sites/msteams_54adc4/Research/RAE-00316.pdf
RAE-00317,COMPLETE,Research,/sites/msteams_54adc4/Research/RAE-00317.pdf
RAE-00318,COMPLETE,Research,/sites/msteams_54adc4/Research/RAE-00318.pdf
RAE-00321,COMPLETE,Research,/sites/msteams_54adc4/Research/RAE-00321.pdf
RAE-00322,COMPLETE,Research,/sites/msteams_54adc4/Research/RAE-00322.pdf
RAE-00324,COMPLETE,Research,/sites/msteams_54adc4/Research/RAE-00324.pdf
RAE-00325,COMPLETE,Research,/sites/msteams_54adc4/Research/RAE-00325.pdf
RAE-00326,COMPLETE,Research,/sites/msteams_54adc4/Research/RAE-00326.pdf
RAE-00327,COMPLETE,Research,/sites/msteams_54adc4/Research/RAE-00327.pdf
RAE-00328,COMPLETE,Research,/sites/msteams_54adc4/Research/RAE-00328.pdf
RAE-00329,COMPLETE,Research,/sites/msteams_54adc4/Research/RAE-00329.pdf
RAE-00330,COMPLETE,Research,/sites/msteams_54adc4/Research/RAE-00330.pdf
RAE-00331,COMPLETE,Research,/sites/msteams_54adc4/Research/RAE-00331.doc
RAE-00332,COMPLETE,Research,/sites/msteams_54adc4/Research/RAE-00332.pdf
RAE-00333,COMPLETE,Research,/sites/msteams_54adc4/Research/RAE-00333.pdf
RAE-00334,COMPLETE,Research,/sites/msteams_54adc4/Research/RAE-00334.pdf
RAE-00335,COMPLETE,Research,/sites/msteams_54adc4/Research/RAE-00335.pdf
RAE-00336,COMPLETE,Research,/sites/msteams_54adc4/Research/RAE-00336.pdf
RAE-00337,COMPLETE,Research,/sites/msteams_54adc4/Research/RAE-00337.doc
RAE-00338,COMPLETE,Research,/sites/msteams_54adc4/Research/RAE-00338.pdf
RAE-00339,COMPLETE,Research,/sites/msteams_54adc4/Research/RAE-00339.doc
RAE-00340,COMPLETE,Research,/sites/msteams_54adc4/Research/RAE-00340.pdf
RAE-00342,COMPLETE,Research,/sites/msteams_54adc4/Research/RAE-00342.pdf
RAE-00343,COMPLETE,Research,/sites/msteams_54adc4/Research/RAE-00343.doc
RAE-00344,COMPLETE,Research,/sites/msteams_54adc4/Research/RAE-00344.pdf
RAE-00345,COMPLETE,Research,/sites/msteams_54adc4/Research/RAE-00345.doc
RAE-00346,COMPLETE,Research,/sites/msteams_54adc4/Research/RAE-00346.pdf
RAE-00348,COMPLETE,Research,/sites/msteams_54adc4/Research/RAE-00348.pdf
RAE-00349,COMPLETE,Research,/sites/msteams_54adc4/Research/RAE-00349.pdf
RAE-00350,COMPLETE,Research,/sites/msteams_54adc4/Research/RAE-00350.doc
RAE-00351,COMPLETE,Research,/sites/msteams_54adc4/Research/RAE-00351.pdf
RAE-00352,COMPLETE,Research,/sites/msteams_54adc4/Research/RAE-00352.doc
RAE-00353,COMPLETE,Research,/sites/msteams_54adc4/Research/RAE-00353.pdf
RAE-00354,COMPLETE,Research,/sites/msteams_54adc4/Research/RAE-00354.doc
RAE-00355,COMPLETE,Research,/sites/msteams_54adc4/Research/RAE-00355.pdf
RAE-00356,COMPLETE,Research,/sites/msteams_54adc4/Research/RAE-00356.doc
RAE-00357,COMPLETE,Research,/sites/msteams_54adc4/Research/RAE-00357.pdf
RAE-00358,COMPLETE,Research,/sites/msteams_54adc4/Research/RAE-00358.doc
RAE-00359,COMPLETE,Research,/sites/msteams_54adc4/Research/RAE-00359.pdf
RAE-00360,COMPLETE,Research,/sites/msteams_54adc4/Research/RAE-00360.doc
RAE-00361,COMPLETE,Research,/sites/msteams_54adc4/Research/RAE-00361.pdf
RAE-00362,COMPLETE,Research,/sites/msteams_54adc4/Research/RAE-00362.doc
RAE-00363,COMPLETE,Research,/sites/msteams_54adc4/Research/RAE-00363.pdf
RAE-00364,COMPLETE,Research,/sites/msteams_54adc4/Research/RAE-00364.doc
RAE-00365,COMPLETE,Research,/sites/msteams_54adc4/Research/RAE-00365.pdf
RAE-00367,COMPLETE,Research,/sites/msteams_54adc4/Research/RAE-00367.pdf
RAE-00368,COMPLETE,Research,/sites/msteams_54adc4/Research/RAE-00368.doc
RAE-00369,COMPLETE,Research,/sites/msteams_54adc4/Research/RAE-00369.pdf
RAE-00370,COMPLETE,Research,/sites/msteams_54adc4/Research/RAE-00370.doc
RAE-00371,COMPLETE,Research,/sites/msteams_54adc4/Research/RAE-00371.pdf
RAE-00372,COMPLETE,Research,/sites/msteams_54adc4/Research/RAE-00372.pdf
RAE-00373,COMPLETE,Research,/sites/msteams_54adc4/Research/RAE-00373.doc
RAE-00374,COMPLETE,Research,/sites/msteams_54adc4/Research/RAE-00374.pdf
RAE-00375,COMPLETE,Research,/sites/msteams_54adc4/Research/RAE-00375.doc
RAE-00376,COMPLETE,Research,/sites/msteams_54adc4/Research/RAE-00376.pdf
RAE-00377,COMPLETE,Research,/sites/msteams_54adc4/Research/RAE-00377.doc
RAE-00378,COMPLETE,Research,/sites/msteams_54adc4/Research/RAE-00378.pdf
RAE-00379,COMPLETE,Research,/sites/msteams_54adc4/Research/RAE-00379.doc
RAE-00380,COMPLETE,Research,/sites/msteams_54adc4/Research/RAE-00380.pdf
RAE-00382,COMPLETE,Research,/sites/msteams_54adc4/Research/RAE-00382.pdf
RAE-00384,COMPLETE,Research,/sites/msteams_54adc4/Research/RAE-00384.pdf
RAE-00385,COMPLETE,Research,/sites/msteams_54adc4/Research/RAE-00385.pdf
RAE-00386,COMPLETE,Research,/sites/msteams_54adc4/Research/RAE-00386.doc
RAE-00387,COMPLETE,Research,/sites/msteams_54adc4/Research/RAE-00387.pdf
RAE-00388,COMPLETE,Research,/sites/msteams_54adc4/Research/RAE-00388.pdf
RAE-00389,COMPLETE,Research,/sites/msteams_54adc4/Research/RAE-00389.doc
RAE-00390,COMPLETE,Research,/sites/msteams_54adc4/Research/RAE-00390.pdf
RAE-00391,COMPLETE,Research,/sites/msteams_54adc4/Research/RAE-00391.doc
RAE-00392,COMPLETE,Research,/sites/msteams_54adc4/Research/RAE-00392.pdf
RAE-00393,COMPLETE,Research,/sites/msteams_54adc4/Research/RAE-00393.doc
RAE-00394,COMPLETE,Research,/sites/msteams_54adc4/Research/RAE-00394.pdf
RAE-00395,COMPLETE,Research,/sites/msteams_54adc4/Research/RAE-00395.doc
RAE-00396,COMPLETE,Research,/sites/msteams_54adc4/Research/RAE-00396.pdf
RAE-00397,COMPLETE,Research,/sites/msteams_54adc4/Research/RAE-00397.doc
RAE-00398,COMPLETE,Research,/sites/msteams_54adc4/Research/RAE-00398.pdf
RAE-00399,COMPLETE,Research,/sites/msteams_54adc4/Research/RAE-00399.doc
RAE-00400,COMPLETE,Research,/sites/msteams_54adc4/Research/RAE-00400.pdf
RAE-00401,COMPLETE,Research,/sites/msteams_54adc4/Research/RAE-00401.doc
RAE-00402,COMPLETE,Research,/sites/msteams_54adc4/Research/RAE-00402.pdf
RAE-00403,COMPLETE,Research,/sites/msteams_54adc4/Research/RAE-00403.doc
RAE-00404,COMPLETE,Research,/sites/msteams_54adc4/Research/RAE-00404.pdf
RAE-00405,COMPLETE,Research,/sites/msteams_54adc4/Research/RAE-00405.doc
RAE-00406,COMPLETE,Research,/sites/msteams_54adc4/Research/RAE-00406.pdf
RAE-00407,COMPLETE,Research,/sites/msteams_54adc4/Research/RAE-00407.doc
RAE-00408,COMPLETE,Research,/sites/msteams_54adc4/Research/RAE-00408.pdf
RAE-00409,COMPLETE,Research,/sites/msteams_54adc4/Research/RAE-00409.doc
RAE-00410,COMPLETE,Research,/sites/msteams_54adc4/Research/RAE-00410.pdf
RAE-00411,COMPLETE,Research,/sites/msteams_54adc4/Research/RAE-00411.pdf
RAE-00412,COMPLETE,Research,/sites/msteams_54adc4/Research/RAE-00412.pdf
RAE-00413,COMPLETE,Research,/sites/msteams_54adc4/Research/RAE-00413.doc
RAE-00414,COMPLETE,Research,/sites/msteams_54adc4/Research/RAE-00414.pdf
RAE-00415,COMPLETE,Research,/sites/msteams_54adc4/Research/RAE-00415.docx
RAE-00416,COMPLETE,Research,/sites/msteams_54adc4/Research/RAE-00416.pdf
RAE-00417,COMPLETE,Research,/sites/msteams_54adc4/Research/RAE-00417.docx
RAE-00419,COMPLETE,Research,/sites/msteams_54adc4/Research/RAE-00419.pdf
RAE-00420,COMPLETE,Research,/sites/msteams_54adc4/Research/RAE-00420.pdf
RAE-00421,COMPLETE,Research,/sites/msteams_54adc4/Research/RAE-00421.docx
RAE-00422,COMPLETE,Research,/sites/msteams_54adc4/Research/RAE-00422.pdf
RAE-00423,COMPLETE,Research,/sites/msteams_54adc4/Research/RAE-00423.docx
RAE-00424,COMPLETE,Research,/sites/msteams_54adc4/Research/RAE-00424.pdf
RAE-00425,COMPLETE,Research,/sites/msteams_54adc4/Research/RAE-00425.pdf
RAE-00426,COMPLETE,Research,/sites/msteams_54adc4/Research/RAE-00426.doc
RAE-00427,COMPLETE,Research,/sites/msteams_54adc4/Research/RAE-00427.pdf
RAE-00428,COMPLETE,Research,/sites/msteams_54adc4/Research/RAE-00428.docx
RAE-00429,COMPLETE,Research,/sites/msteams_54adc4/Research/RAE-00429.pdf
RAE-00430,COMPLETE,Research,/sites/msteams_54adc4/Research/RAE-00430.docx
RAE-00431,COMPLETE,Research,/sites/msteams_54adc4/Research/RAE-00431.pdf
RAE-00432,COMPLETE,Research,/sites/msteams_54adc4/Research/RAE-00432.docx
RAE-00433,COMPLETE,Research,/sites/msteams_54adc4/Research/RAE-00433.pdf
RAE-00434,COMPLETE,Research,/sites/msteams_54adc4/Research/RAE-00434.docx
RAE-00435,COMPLETE,Research,/sites/msteams_54adc4/Research/RAE-00435.pdf
RAE-00436,COMPLETE,Research,/sites/msteams_54adc4/Research/RAE-00436.docx
RAE-00437,COMPLETE,Research,/sites/msteams_54adc4/Research/RAE-00437.pdf
RAE-00438,COMPLETE,Research,/sites/msteams_54adc4/Research/RAE-00438.pdf
RAE-00440,COMPLETE,Research,/sites/msteams_54adc4/Research/RAE-00440.pdf
RAE-00441,COMPLETE,Research,/sites/msteams_54adc4/Research/RAE-00441.docx
RAE-00442,COMPLETE,Research,/sites/msteams_54adc4/Research/RAE-00442.pdf
RAE-00443,COMPLETE,Research,/sites/msteams_54adc4/Research/RAE-00443.docx
RAE-00444,COMPLETE,Research,/sites/msteams_54adc4/Research/RAE-00444.pdf
RAE-00445,COMPLETE,Research,/sites/msteams_54adc4/Research/RAE-00445.docx
RAE-00446,COMPLETE,Research,/sites/msteams_54adc4/Research/RAE-00446.pdf
RAE-00447,COMPLETE,Research,/sites/msteams_54adc4/Research/RAE-00447.docx
RAE-00448,COMPLETE,Research,/sites/msteams_54adc4/Research/RAE-00448.pdf
RAE-00449,COMPLETE,Research,/sites/msteams_54adc4/Research/RAE-00449.docx
RAE-00450,COMPLETE,Research,/sites/msteams_54adc4/Research/RAE-00450.pdf
RAE-00451,COMPLETE,Research,/sites/msteams_54adc4/Research/RAE-00451.docx
RAE-00452,COMPLETE,Research,/sites/msteams_54adc4/Research/RAE-00452.pdf
RAE-00453,COMPLETE,Research,/sites/msteams_54adc4/Research/RAE-00453.docx
RAE-00454,COMPLETE,Research,/sites/msteams_54adc4/Research/RAE-00454.pdf
RAE-00455,COMPLETE,Research,/sites/msteams_54adc4/Research/RAE-00455.pdf
RAE-00456,COMPLETE,Research,/sites/msteams_54adc4/Research/RAE-00456.docx
RAE-00457,COMPLETE,Research,/sites/msteams_54adc4/Research/RAE-00457.pdf
RAE-00458,COMPLETE,Research,/sites/msteams_54adc4/Research/RAE-00458.docx
RAE-00459,COMPLETE,Research,/sites/msteams_54adc4/Research/RAE-00459.pdf
RAE-00460,COMPLETE,Research,/sites/msteams_54adc4/Research/RAE-00460.doc
RAE-00461,COMPLETE,Research,/sites/msteams_54adc4/Research/RAE-00461.pdf
RAE-00462,COMPLETE,Research,/sites/msteams_54adc4/Research/RAE-00462.doc
RAE-00463,COMPLETE,Research,/sites/msteams_54adc4/Research/RAE-00463.pdf
RAE-00464,COMPLETE,Research,/sites/msteams_54adc4/Research/RAE-00464.doc
RAE-00465,COMPLETE,Research,/sites/msteams_54adc4/Research/RAE-00465.pdf
RAE-00466,COMPLETE,Research,/sites/msteams_54adc4/Research/RAE-00466.doc
RAE-00467,COMPLETE,Research,/sites/msteams_54adc4/Research/RAE-00467.pdf
RAE-00468,COMPLETE,Research,/sites/msteams_54adc4/Research/RAE-00468.docx
RAE-00469,COMPLETE,Research,/sites/msteams_54adc4/Research/RAE-00469.pdf
RAE-00470,COMPLETE,Research,/sites/msteams_54adc4/Research/RAE-00470.docx
RAE-00471,COMPLETE,Research,/sites/msteams_54adc4/Research/RAE-00471.pdf
RAE-00472,COMPLETE,Research,/sites/msteams_54adc4/Research/RAE-00472.docx
RAE-00473,COMPLETE,Research,/sites/msteams_54adc4/Research/RAE-00473.pdf
RAE-00474,COMPLETE,Research,/sites/msteams_54adc4/Research/RAE-00474.docx
RAE-00475,COMPLETE,Research,/sites/msteams_54adc4/Research/RAE-00475.pdf
RAE-00476,COMPLETE,Research,/sites/msteams_54adc4/Research/RAE-00476.docx
RAE-00477,COMPLETE,Research,/sites/msteams_54adc4/Research/RAE-00477.pdf
RAE-00478,COMPLETE,Research,/sites/msteams_54adc4/Research/RAE-00478.docx
RAE-00479,COMPLETE,Research,/sites/msteams_54adc4/Research/RAE-00479.pdf
RAE-00480,COMPLETE,Research,/sites/msteams_54adc4/Research/RAE-00480.xlsx
RAE-00481,COMPLETE,Research,/sites/msteams_54adc4/Research/RAE-00481.pdf
RAE-00482,COMPLETE,Research,/sites/msteams_54adc4/Research/RAE-00482.docx
RAE-00483,COMPLETE,Research,/sites/msteams_54adc4/Research/RAE-00483.pdf
RAE-00484,COMPLETE,Research,/sites/msteams_54adc4/Research/RAE-00484.docx
RAE-00485,COMPLETE,Research,/sites/msteams_54adc4/Research/RAE-00485.pdf
RAE-00486,COMPLETE,Research,/sites/msteams_54adc4/Research/RAE-00486.docx
RAE-00487,COMPLETE,Research,/sites/msteams_54adc4/Research/RAE-00487.pdf
RAE-00488,COMPLETE,Research,/sites/msteams_54adc4/Research/RAE-00488.docx
RAE-00489,COMPLETE,Research,/sites/msteams_54adc4/Research/RAE-00489.pdf
RAE-00490,COMPLETE,Research,/sites/msteams_54adc4/Research/RAE-00490.docx
RAE-00491,COMPLETE,Research,/sites/msteams_54adc4/Research/RAE-00491.pdf
RAE-00492,COMPLETE,Research,/sites/msteams_54adc4/Research/RAE-00492.pdf
RAE-00493,COMPLETE,Research,/sites/msteams_54adc4/Research/RAE-00493.pdf
RAE-00494,COMPLETE,Research,/sites/msteams_54adc4/Research/RAE-00494.pdf
RAE-00495,COMPLETE,Research,/sites/msteams_54adc4/Research/RAE-00495.doc
RAE-00496,COMPLETE,Research,/sites/msteams_54adc4/Research/RAE-00496.pdf
RAE-00497,COMPLETE,Research,/sites/msteams_54adc4/Research/RAE-00497.pdf
RAE-00498,COMPLETE,Research,/sites/msteams_54adc4/Research/RAE-00498.pdf
RAE-00499,COMPLETE,Research,/sites/msteams_54adc4/Research/RAE-00499.pdf
RAE-00500,COMPLETE,Research,/sites/msteams_54adc4/Research/RAE-00500.doc
RAE-00501,COMPLETE,Research,/sites/msteams_54adc4/Research/RAE-00501.pdf
RAE-00502,COMPLETE,Research,/sites/msteams_54adc4/Research/RAE-00502.docx
RAE-00503,COMPLETE,Research,/sites/msteams_54adc4/Research/RAE-00503.pdf
RAE-00504,COMPLETE,Research,/sites/msteams_54adc4/Research/RAE-00504.doc
RAE-00505,COMPLETE,Research,/sites/msteams_54adc4/Research/RAE-00505.pdf
RAE-00506,COMPLETE,Research,/sites/msteams_54adc4/Research/RAE-00506.doc
RAE-00507,COMPLETE,Research,/sites/msteams_54adc4/Research/RAE-00507.pdf
RAE-00508,COMPLETE,Research,/sites/msteams_54adc4/Research/RAE-00508.docx
RAE-00509,COMPLETE,Research,/sites/msteams_54adc4/Research/RAE-00509.pdf
RAE-00510,COMPLETE,Research,/sites/msteams_54adc4/Research/RAE-00510.docx
RAE-00511,COMPLETE,Research,/sites/msteams_54adc4/Research/RAE-00511.pdf
RAE-00512,COMPLETE,Research,/sites/msteams_54adc4/Research/RAE-00512.docx
RAE-00513,COMPLETE,Research,/sites/msteams_54adc4/Research/RAE-00513.pdf
RAE-00514,COMPLETE,Research,/sites/msteams_54adc4/Research/RAE-00514.docx
RAE-00515,COMPLETE,Research,/sites/msteams_54adc4/Research/RAE-00515.pdf
RAE-00516,COMPLETE,Research,/sites/msteams_54adc4/Research/RAE-00516.doc
RAE-00517,COMPLETE,Research,/sites/msteams_54adc4/Research/RAE-00517.pdf
RAE-00518,COMPLETE,Research,/sites/msteams_54adc4/Research/RAE-00518.pdf
RAE-00519,COMPLETE,Research,/sites/msteams_54adc4/Research/RAE-00519.docx
RAE-00520,COMPLETE,Research,/sites/msteams_54adc4/Research/RAE-00520.pdf
RAE-00521,COMPLETE,Research,/sites/msteams_54adc4/Research/RAE-00521.docx
RAE-00522,COMPLETE,Research,/sites/msteams_54adc4/Research/RAE-00522.pdf
RAE-00523,COMPLETE,Research,/sites/msteams_54adc4/Research/RAE-00523.docx
RAE-00524,COMPLETE,Research,/sites/msteams_54adc4/Research/RAE-00524.pdf
RAE-00525,COMPLETE,Research,/sites/msteams_54adc4/Research/RAE-00525.xlsx
RAE-00526,COMPLETE,Research,/sites/msteams_54adc4/Research/RAE-00526.pdf
RAE-00527,COMPLETE,Research,/sites/msteams_54adc4/Research/RAE-00527.docx
RAE-00528,COMPLETE,Research,/sites/msteams_54adc4/Research/RAE-00528.pdf
RAE-00529,COMPLETE,Research,/sites/msteams_54adc4/Research/RAE-00529.docx
RAE-00530,COMPLETE,Research,/sites/msteams_54adc4/Research/RAE-00530.pdf
RAE-00531,COMPLETE,Research,/sites/msteams_54adc4/Research/RAE-00531.docx
RAE-00532,COMPLETE,Research,/sites/msteams_54adc4/Research/RAE-00532.pdf
RAE-00533,COMPLETE,Research,/sites/msteams_54adc4/Research/RAE-00533.docx
RAE-00534,COMPLETE,Research,/sites/msteams_54adc4/Research/RAE-00534.pdf
RAE-00535,COMPLETE,Research,/sites/msteams_54adc4/Research/RAE-00535.docx
RAE-00536,COMPLETE,Research,/sites/msteams_54adc4/Research/RAE-00536.pdf
RAE-00537,COMPLETE,Research,/sites/msteams_54adc4/Research/RAE-00537.docx
RAE-00538,COMPLETE,Research,/sites/msteams_54adc4/Research/RAE-00538.pdf
RAE-00539,COMPLETE,Research,/sites/msteams_54adc4/Research/RAE-00539.docx
RAE-00540,COMPLETE,Research,/sites/msteams_54adc4/Research/RAE-00540.pdf
RAE-00541,COMPLETE,Research,/sites/msteams_54adc4/Research/RAE-00541.pdf
RAE-00542,COMPLETE,Research,/sites/msteams_54adc4/Research/RAE-00542.pdf
RAE-00543,COMPLETE,Research,/sites/msteams_54adc4/Research/RAE-00543.docx
RAE-00544,COMPLETE,Research,/sites/msteams_54adc4/Research/RAE-00544.pdf
RAE-00545,COMPLETE,Research,/sites/msteams_54adc4/Research/RAE-00545.pdf
RAE-00546,COMPLETE,Research,/sites/msteams_54adc4/Research/RAE-00546.docx
RAE-00547,COMPLETE,Research,/sites/msteams_54adc4/Research/RAE-00547.pdf
RAE-00548,COMPLETE,Research,/sites/msteams_54adc4/Research/RAE-00548.docx
RAE-00549,COMPLETE,Research,/sites/msteams_54adc4/Research/RAE-00549.pdf
RAE-00550,COMPLETE,Research,/sites/msteams_54adc4/Research/RAE-00550.doc
RAE-00551,COMPLETE,Research,/sites/msteams_54adc4/Research/RAE-00551.pdf
RAE-00552,COMPLETE,Research,/sites/msteams_54adc4/Research/RAE-00552.doc
RAE-00553,COMPLETE,Research,/sites/msteams_54adc4/Research/RAE-00553.pdf
RAE-00554,COMPLETE,Research,/sites/msteams_54adc4/Research/RAE-00554.doc
RAE-00555,COMPLETE,Research,/sites/msteams_54adc4/Research/RAE-00555.pdf
RAE-00556,COMPLETE,Research,/sites/msteams_54adc4/Research/RAE-00556.doc
RAE-00557,COMPLETE,Research,/sites/msteams_54adc4/Research/RAE-00557.pdf
RAE-00558,COMPLETE,Research,/sites/msteams_54adc4/Research/RAE-00558.doc
RAE-00559,COMPLETE,Research,/sites/msteams_54adc4/Research/RAE-00559.pdf
RAE-00560,COMPLETE,Research,/sites/msteams_54adc4/Research/RAE-00560.doc
RAE-00561,COMPLETE,Research,/sites/msteams_54adc4/Research/RAE-00561.pdf
RAE-00562,COMPLETE,Research,/sites/msteams_54adc4/Research/RAE-00562.doc
RAE-00563,COMPLETE,Research,/sites/msteams_54adc4/Research/RAE-00563.pdf
RAE-00564,COMPLETE,Research,/sites/msteams_54adc4/Research/RAE-00564.doc
RAE-00566,COMPLETE,Research,/sites/msteams_54adc4/Research/RAE-00566.doc
RAE-00568,COMPLETE,Research,/sites/msteams_54adc4/Research/RAE-00568.pdf
RAE-00569,COMPLETE,Research,/sites/msteams_54adc4/Research/RAE-00569.docx
RAE-00570,COMPLETE,Research,/sites/msteams_54adc4/Research/RAE-00570.pdf
RAE-00571,COMPLETE,Research,/sites/msteams_54adc4/Research/RAE-00571.docx
RAE-00572,COMPLETE,Research,/sites/msteams_54adc4/Research/RAE-00572.pdf
RAE-00574,COMPLETE,Research,/sites/msteams_54adc4/Research/RAE-00574.pdf
RAE-00576,COMPLETE,Research,/sites/msteams_54adc4/Research/RAE-00576.pdf
RAE-00577,COMPLETE,Research,/sites/msteams_54adc4/Research/RAE-00577.pdf
RAE-00579,COMPLETE,Research,/sites/msteams_54adc4/Research/RAE-00579.pdf
RAE-00580,COMPLETE,Research,/sites/msteams_54adc4/Research/RAE-00580.pdf
RAE-00581,COMPLETE,Research,/sites/msteams_54adc4/Research/RAE-00581.pdf
RAE-00582,COMPLETE,Research,/sites/msteams_54adc4/Research/RAE-00582.pdf
RAE-00584,COMPLETE,Research,/sites/msteams_54adc4/Research/RAE-00584.pdf
RAE-00585,COMPLETE,Research,/sites/msteams_54adc4/Research/RAE-00585.pdf
RAE-00586,COMPLETE,Research,/sites/msteams_54adc4/Research/RAE-00586.docx
RAE-00587,COMPLETE,Research,/sites/msteams_54adc4/Research/RAE-00587.pdf
RAE-00588,COMPLETE,Research,/sites/msteams_54adc4/Research/RAE-00588.pdf
RAE-00589,COMPLETE,Research,/sites/msteams_54adc4/Research/RAE-00589.pdf
RAE-00590,COMPLETE,Research,/sites/msteams_54adc4/Research/RAE-00590.pdf
RAE-00591,COMPLETE,Research,/sites/msteams_54adc4/Research/RAE-00591.pdf
RAE-00593,COMPLETE,Research,/sites/msteams_54adc4/Research/RAE-00593.jpg
RAE-00595,COMPLETE,Research,/sites/msteams_54adc4/Research/RAE-00595.pdf
RAE-00596,COMPLETE,Research,/sites/msteams_54adc4/Research/RAE-00596.pdf
RAE-00597,COMPLETE,Research,/sites/msteams_54adc4/Research/RAE-00597.pdf
RAE-00598,COMPLETE,Research,/sites/msteams_54adc4/Research/RAE-00598.pdf
RAE-00600,COMPLETE,Research,/sites/msteams_54adc4/Research/RAE-00600.pdf
RAE-00601,COMPLETE,Research,/sites/msteams_54adc4/Research/RAE-00601.pdf
RAE-00602,COMPLETE,Research,/sites/msteams_54adc4/Research/RAE-00602.pdf
RAE-00603,COMPLETE,Research,/sites/msteams_54adc4/Research/RAE-00603.pdf
RAE-00604,COMPLETE,Research,/sites/msteams_54adc4/Research/RAE-00604.doc
RAE-00605,COMPLETE,Research,/sites/msteams_54adc4/Research/RAE-00605.pdf
RAE-00606,COMPLETE,Research,/sites/msteams_54adc4/Research/RAE-00606.doc
RAE-00607,COMPLETE,Research,/sites/msteams_54adc4/Research/RAE-00607.pdf
RAE-00608,COMPLETE,Research,/sites/msteams_54adc4/Research/RAE-00608.doc
RAE-00609,COMPLETE,Research,/sites/msteams_54adc4/Research/RAE-00609.pdf
RAE-00610,COMPLETE,Research,/sites/msteams_54adc4/Research/RAE-00610.doc
RAE-00611,COMPLETE,Research,/sites/msteams_54adc4/Research/RAE-00611.pdf
RAE-00612,COMPLETE,Research,/sites/msteams_54adc4/Research/RAE-00612.doc
RAE-00613,COMPLETE,Research,/sites/msteams_54adc4/Research/RAE-00613.pdf
RAE-00614,COMPLETE,Research,/sites/msteams_54adc4/Research/RAE-00614.doc
RAE-00615,COMPLETE,Research,/sites/msteams_54adc4/Research/RAE-00615.pdf
RAE-00616,COMPLETE,Research,/sites/msteams_54adc4/Research/RAE-00616.doc
RAE-00617,COMPLETE,Research,/sites/msteams_54adc4/Research/RAE-00617.pdf
RAE-00618,COMPLETE,Research,/sites/msteams_54adc4/Research/RAE-00618.doc
RAE-00619,COMPLETE,Research,/sites/msteams_54adc4/Research/RAE-00619.pdf
RAE-00620,COMPLETE,Research,/sites/msteams_54adc4/Research/RAE-00620.docx
RAE-00621,COMPLETE,Research,/sites/msteams_54adc4/Research/RAE-00621.pdf
RAE-00622,COMPLETE,Research,/sites/msteams_54adc4/Research/RAE-00622.docx
RAE-00623,COMPLETE,Research,/sites/msteams_54adc4/Research/RAE-00623.pdf
RAE-00624,COMPLETE,Research,/sites/msteams_54adc4/Research/RAE-00624.doc
RAE-00625,COMPLETE,Research,/sites/msteams_54adc4/Research/RAE-00625.pdf
RAE-00626,COMPLETE,Research,/sites/msteams_54adc4/Research/RAE-00626.xlsx
RAE-00627,COMPLETE,Research,/sites/msteams_54adc4/Research/RAE-00627.pdf
RAE-00628,COMPLETE,Research,/sites/msteams_54adc4/Research/RAE-00628.pdf
RAE-00629,COMPLETE,Research,/sites/msteams_54adc4/Research/RAE-00629.docx
RAE-00630,COMPLETE,Research,/sites/msteams_54adc4/Research/RAE-00630.pdf
RAE-00631,COMPLETE,Research,/sites/msteams_54adc4/Research/RAE-00631.docx
RAE-00632,COMPLETE,Research,/sites/msteams_54adc4/Research/RAE-00632.pdf
RAE-00633,COMPLETE,Research,/sites/msteams_54adc4/Research/RAE-00633.docx
RAE-00634,COMPLETE,Research,/sites/msteams_54adc4/Research/RAE-00634.pdf
RAE-00635,COMPLETE,Research,/sites/msteams_54adc4/Research/RAE-00635.doc
RAE-00636,COMPLETE,Research,/sites/msteams_54adc4/Research/RAE-00636.pdf
RAE-00637,COMPLETE,Research,/sites/msteams_54adc4/Research/RAE-00637.docx
RAE-00638,COMPLETE,Research,/sites/msteams_54adc4/Research/RAE-00638.pdf
RAE-00639,COMPLETE,Research,/sites/msteams_54adc4/Research/RAE-00639.docx
RAE-00640,COMPLETE,Research,/sites/msteams_54adc4/Research/RAE-00640.pdf
RAE-00641,COMPLETE,Research,/sites/msteams_54adc4/Research/RAE-00641.doc
RAE-00642,COMPLETE,Research,/sites/msteams_54adc4/Research/RAE-00642.pdf
RAE-00643,COMPLETE,Research,/sites/msteams_54adc4/Research/RAE-00643.docx
RAE-00644,COMPLETE,Research,/sites/msteams_54adc4/Research/RAE-00644.pdf
RAE-00645,COMPLETE,Research,/sites/msteams_54adc4/Research/RAE-00645.docx
RAE-00646,COMPLETE,Research,/sites/msteams_54adc4/Research/RAE-00646.pdf
RAE-00647,COMPLETE,Research,/sites/msteams_54adc4/Research/RAE-00647.docx
RAE-00648,COMPLETE,Research,/sites/msteams_54adc4/Research/RAE-00648.pdf
RAE-00649,COMPLETE,Research,/sites/msteams_54adc4/Research/RAE-00649.docx
RAE-00650,COMPLETE,Research,/sites/msteams_54adc4/Research/RAE-00650.pdf
RAE-00651,COMPLETE,Research,/sites/msteams_54adc4/Research/RAE-00651.doc
RAE-00652,COMPLETE,Research,/sites/msteams_54adc4/Research/RAE-00652.pdf
RAE-00653,COMPLETE,SOPManuals,/sites/msteams_54adc4/SOPManuals/RAE-00653.pdf
RAE-00654,COMPLETE,SOPManuals,/sites/msteams_54adc4/SOPManuals/RAE-00654.pdf
RAE-00655,COMPLETE,SOPManuals,/sites/msteams_54adc4/SOPManuals/RAE-00655.pdf
RAE-00656,COMPLETE,SOPManuals,/sites/msteams_54adc4/SOPManuals/RAE-00656.pdf
RAE-00657,COMPLETE,SOPManuals,/sites/msteams_54adc4/SOPManuals/RAE-00657.pdf
RAE-00658,COMPLETE,SOPManuals,/sites/msteams_54adc4/SOPManuals/RAE-00658.pdf
RAE-00659,COMPLETE,SOPManuals,/sites/msteams_54adc4/SOPManuals/RAE-00659.pdf
RAE-00660,COMPLETE,SOPManuals,/sites/msteams_54adc4/SOPManuals/RAE-00660.pdf
RAE-00661,COMPLETE,SOPManuals,/sites/msteams_54adc4/SOPManuals/RAE-00661.pdf
RAE-00662,COMPLETE,SOPManuals,/sites/msteams_54adc4/SOPManuals/RAE-00662.docx
RAE-00663,COMPLETE,SOPManuals,/sites/msteams_54adc4/SOPManuals/RAE-00663.pdf
RAE-00664,COMPLETE,SOPManuals,/sites/msteams_54adc4/SOPManuals/RAE-00664.doc
RAE-00665,COMPLETE,SOPManuals,/sites/msteams_54adc4/SOPManuals/RAE-00665.pdf
RAE-00666,COMPLETE,SOPManuals,/sites/msteams_54adc4/SOPManuals/RAE-00666.docx
RAE-00667,COMPLETE,SOPManuals,/sites/msteams_54adc4/SOPManuals/RAE-00667.pdf
RAE-00668,COMPLETE,Research,/sites/msteams_54adc4/Research/RAE-00668.pdf
RAE-00669,COMPLETE,Research,/sites/msteams_54adc4/Research/RAE-00669.pdf
RAE-00671,COMPLETE,Research,/sites/msteams_54adc4/Research/RAE-00671.pdf
RAE-00672,COMPLETE,Research,/sites/msteams_54adc4/Research/RAE-00672.doc
RAE-00673,COMPLETE,Research,/sites/msteams_54adc4/Research/RAE-00673.pdf
RAE-00674,COMPLETE,Research,/sites/msteams_54adc4/Research/RAE-00674.pdf
RAE-00675,COMPLETE,Research,/sites/msteams_54adc4/Research/RAE-00675.pdf
RAE-00676,COMPLETE,Research,/sites/msteams_54adc4/Research/RAE-00676.pdf
RAE-00677,COMPLETE,Research,/sites/msteams_54adc4/Research/RAE-00677.doc
RAE-00678,COMPLETE,Research,/sites/msteams_54adc4/Research/RAE-00678.pdf
RAE-00679,COMPLETE,Research,/sites/msteams_54adc4/Research/RAE-00679.doc
RAE-00680,COMPLETE,Research,/sites/msteams_54adc4/Research/RAE-00680.pdf
RAE-00681,COMPLETE,Research,/sites/msteams_54adc4/Research/RAE-00681.doc
RAE-00682,COMPLETE,Research,/sites/msteams_54adc4/Research/RAE-00682.pdf
RAE-00683,COMPLETE,Research,/sites/msteams_54adc4/Research/RAE-00683.doc
RAE-00684,COMPLETE,Research,/sites/msteams_54adc4/Research/RAE-00684.pdf
RAE-00685,COMPLETE,Research,/sites/msteams_54adc4/Research/RAE-00685.pdf
RAE-00686,COMPLETE,Research,/sites/msteams_54adc4/Research/RAE-00686.pdf
RAE-00687,COMPLETE,Research,/sites/msteams_54adc4/Research/RAE-00687.pdf
RAE-00688,COMPLETE,Research,/sites/msteams_54adc4/Research/RAE-00688.pdf
RAE-00689,COMPLETE,Research,/sites/msteams_54adc4/Research/RAE-00689.pdf
RAE-00690,COMPLETE,Research,/sites/msteams_54adc4/Research/RAE-00690.pdf
RAE-00691,COMPLETE,Research,/sites/msteams_54adc4/Research/RAE-00691.pdf
RAE-00692,COMPLETE,Research,/sites/msteams_54adc4/Research/RAE-00692.pdf
RAE-00693,COMPLETE,Research,/sites/msteams_54adc4/Research/RAE-00693.docx
RAE-00694,COMPLETE,Research,/sites/msteams_54adc4/Research/RAE-00694.docx
RAE-00695,COMPLETE,Research,/sites/msteams_54adc4/Research/RAE-00695.pdf
RAE-00696,COMPLETE,Research,/sites/msteams_54adc4/Research/RAE-00696.doc
RAE-00697,COMPLETE,Research,/sites/msteams_54adc4/Research/RAE-00697.docx
RAE-00699,COMPLETE,Research,/sites/msteams_54adc4/Research/RAE-00699.pdf
RAE-00700,COMPLETE,Research,/sites/msteams_54adc4/Research/RAE-00700.doc
RAE-00701,COMPLETE,Research,/sites/msteams_54adc4/Research/RAE-00701.pdf
RAE-00702,COMPLETE,Research,/sites/msteams_54adc4/Research/RAE-00702.doc
RAE-00703,COMPLETE,Research,/sites/msteams_54adc4/Research/RAE-00703.pdf
RAE-00704,COMPLETE,Research,/sites/msteams_54adc4/Research/RAE-00704.doc
RAE-00705,COMPLETE,Research,/sites/msteams_54adc4/Research/RAE-00705.pdf
RAE-00706,COMPLETE,Research,/sites/msteams_54adc4/Research/RAE-00706.doc
RAE-00707,COMPLETE,Research,/sites/msteams_54adc4/Research/RAE-00707.pdf
RAE-00709,COMPLETE,Research,/sites/msteams_54adc4/Research/RAE-00709.pdf
RAE-00711,COMPLETE,Research,/sites/msteams_54adc4/Research/RAE-00711.pdf
RAE-00713,COMPLETE,Research,/sites/msteams_54adc4/Research/RAE-00713.pdf
RAE-00714,COMPLETE,Research,/sites/msteams_54adc4/Research/RAE-00714.docx
RAE-00715,COMPLETE,Research,/sites/msteams_54adc4/Research/RAE-00715.pdf
RAE-00717,COMPLETE,Research,/sites/msteams_54adc4/Research/RAE-00717.pdf
RAE-00718,COMPLETE,Research,/sites/msteams_54adc4/Research/RAE-00718.docx
RAE-00719,COMPLETE,Research,/sites/msteams_54adc4/Research/RAE-00719.pdf
RAE-00720,COMPLETE,Research,/sites/msteams_54adc4/Research/RAE-00720.pdf
RAE-00721,COMPLETE,Research,/sites/msteams_54adc4/Research/RAE-00721.pdf
RAE-00722,COMPLETE,Research,/sites/msteams_54adc4/Research/RAE-00722.pdf
RAE-00723,COMPLETE,Research,/sites/msteams_54adc4/Research/RAE-00723.pdf
RAE-00724,COMPLETE,Research,/sites/msteams_54adc4/Research/RAE-00724.pdf
RAE-00725,COMPLETE,Research,/sites/msteams_54adc4/Research/RAE-00725.pdf
RAE-00726,COMPLETE,Research,/sites/msteams_54adc4/Research/RAE-00726.pdf
RAE-00727,COMPLETE,Research,/sites/msteams_54adc4/Research/RAE-00727.pdf
RAE-00729,COMPLETE,Research,/sites/msteams_54adc4/Research/RAE-00729.pdf
RAE-00730,COMPLETE,Research,/sites/msteams_54adc4/Research/RAE-00730.docx
RAE-00731,COMPLETE,Research,/sites/msteams_54adc4/Research/RAE-00731.pdf
RAE-00732,COMPLETE,Research,/sites/msteams_54adc4/Research/RAE-00732.doc
RAE-00733,COMPLETE,Research,/sites/msteams_54adc4/Research/RAE-00733.pdf
RAE-00735,COMPLETE,Research,/sites/msteams_54adc4/Research/RAE-00735.pdf
RAE-00737,COMPLETE,Research,/sites/msteams_54adc4/Research/RAE-00737.pdf
RAE-00739,COMPLETE,Research,/sites/msteams_54adc4/Research/RAE-00739.pdf
RAE-00741,COMPLETE,Research,/sites/msteams_54adc4/Research/RAE-00741.pdf
RAE-00743,COMPLETE,Research,/sites/msteams_54adc4/Research/RAE-00743.pdf
RAE-00745,COMPLETE,Research,/sites/msteams_54adc4/Research/RAE-00745.pdf
RAE-00747,COMPLETE,Research,/sites/msteams_54adc4/Research/RAE-00747.pdf
RAE-00749,COMPLETE,Research,/sites/msteams_54adc4/Research/RAE-00749.pdf
RAE-00752,COMPLETE,Research,/sites/msteams_54adc4/Research/RAE-00752.pdf
RAE-00753,COMPLETE,Research,/sites/msteams_54adc4/Research/RAE-00753.pdf
RAE-00754,COMPLETE,Research,/sites/msteams_54adc4/Research/RAE-00754.pdf
RAE-00755,COMPLETE,Research,/sites/msteams_54adc4/Research/RAE-00755.pdf
RAE-00756,COMPLETE,Research,/sites/msteams_54adc4/Research/RAE-00756.pdf
RAE-00757,COMPLETE,Research,/sites/msteams_54adc4/Research/RAE-00757.pdf
RAE-00758,COMPLETE,Research,/sites/msteams_54adc4/Research/RAE-00758.pdf
RAE-00760,COMPLETE,Research,/sites/msteams_54adc4/Research/RAE-00760.pdf
RAE-00761,COMPLETE,Research,/sites/msteams_54adc4/Research/RAE-00761.pdf
RAE-00762,COMPLETE,Research,/sites/msteams_54adc4/Research/RAE-00762.pdf
RAE-00763,COMPLETE,Research,/sites/msteams_54adc4/Research/RAE-00763.pdf
RAE-00764,COMPLETE,Research,/sites/msteams_54adc4/Research/RAE-00764.pdf
RAE-00765,COMPLETE,Research,/sites/msteams_54adc4/Research/RAE-00765.pdf
RAE-00766,COMPLETE,Research,/sites/msteams_54adc4/Research/RAE-00766.docx
RAE-00767,COMPLETE,Research,/sites/msteams_54adc4/Research/RAE-00767.pdf
RAE-00768,COMPLETE,Research,/sites/msteams_54adc4/Research/RAE-00768.docx
RAE-00769,COMPLETE,Research,/sites/msteams_54adc4/Research/RAE-00769.pdf
RAE-00770,COMPLETE,Research,/sites/msteams_54adc4/Research/RAE-00770.docx
RAE-00771,COMPLETE,Research,/sites/msteams_54adc4/Research/RAE-00771.pdf
RAE-00772,COMPLETE,Research,/sites/msteams_54adc4/Research/RAE-00772.docx
